Key,ShortKey,Source,Row,Module,Field,Character,CN,JA
AvgDialog_10126_Content_1,adnc,avg序章_AvgDialog_C_M.csv,8,AvgDialog,Content,拉蒙娜战损版,生命衰减至0时，精神力将难以支持仪器继续探测<Yellow:密境>，为保证战斗人员的安全，仪器会将你强制拉出战斗。,ライフが0になると、精神力が低下して、装置による<Yellow:秘境>探索の維持が難しくなるの。戦闘員の安全を確保するために、装置はあなたを戦闘から強制的に離脱させるわ。
AvgDialog_10126_Content_2,adnd,avg序章_AvgDialog_C_M.csv,9,AvgDialog,Content,拉蒙娜战损版,本次情况紧急，我调整了仪器的功率，它将按照守密人体征健康且狂气充盈的功率进行输出。,今回は緊急事態だから、装置の出力をライフと狂気が最大の状態に調整してあるわ。
AvgDialog_10126_Content_3,adne,avg序章_AvgDialog_C_M.csv,10,AvgDialog,Content,拉蒙娜战损版,这种做法极为凶险，但我们不得不放手一搏。现在，使用狂气爆发来终结这一战吧！,この方法はとても危険だけど、今は他に選択肢がないのよ。さあ、狂気開放を発動して、この戦いを終わらせましょう！
AvgDialog_10142_Content_2,adpT,avg序章_AvgDialog_C_M.csv,13,AvgDialog,Content,拉蒙娜,别在这么重要的仪式上走神哦，<Yellow:守密人>，下一个就轮到你被授予银钥匙了。,"大事な儀式でぼんやりしないで、<Yellow:守密者>。
次はあなたがシルバーキーを授与される番よ。"
AvgDialog_10142_Content_3,adpU,avg序章_AvgDialog_C_M.csv,14,AvgDialog,Content,拉蒙娜,立下自己的墓碑，以此证明我们为<Yellow:对抗融蚀>献出生命的决意——这不仅是弥萨格的传统，也是我们结束预科学习、成为正式调查员的标志。,"自らの墓標を立て、<Yellow:融触>に抗うために命を捧げる決意を示すのーー
これはミサゴ大学の伝統であり、教育課程を終えて、正式な調査員となる証でもあるわ。"
AvgDialog_10142_Content_4,adpV,avg序章_AvgDialog_C_M.csv,15,AvgDialog,Content,拉蒙娜,准备好了的话，就在墓碑上镌刻下你的名字吧。,準備ができたら、墓標に名前を刻んで。
AvgDialog_10130_Content_2,adnJ,avg序章_AvgDialog_C_M.csv,18,AvgDialog,Content,拉蒙娜,欢迎你加入弥萨格大学，%player%。,ようこそミザゴ大学へ、%player%。
AvgDialog_10130_Content_3,adnO,avg序章_AvgDialog_C_M.csv,19,AvgDialog,Content,拉蒙娜,或者说……欢迎你，正式跨入世界的里侧。,それとも……裏側の世界へおかえり、かしら。
AvgDialog_10130_Content_4,adnP,avg序章_AvgDialog_C_M.csv,20,AvgDialog,Content,,我回来了。,ただいま。
AvgDialog_10130_Content_5,adnQ,avg序章_AvgDialog_C_M.csv,21,AvgDialog,Content,拉蒙娜,你的加入可以说是众望所归。不出两天，威廉就要给我们分配<Yellow:灾厄调查任务>了。,あなたの加入はみんなが望んでいたことよ。あと二日もすれば、ウィリアム先輩から<Yellow:災厄調査任務>を依頼されると思うわ。
AvgDialog_10130_Content_6,adnR,avg序章_AvgDialog_C_M.csv,22,AvgDialog,Content,拉蒙娜,他可不会饶过你这个百年一遇的守密人。,彼はあなたを……百年に一度の守秘者を、絶対に放っておかないでしょうから。
AvgDialog_10130_Content_7,adnS,avg序章_AvgDialog_C_M.csv,23,AvgDialog,Content,拉蒙娜,希望你的@1 外勤课题不像微积分课程一样依赖我这个<Blue:助手>。,あなたの@1外勤任務では微積分の授業のときみたいに<Blue:助手>の私を頼らないことね。
AvgDialog_10130_Content_8,adnT,avg序章_AvgDialog_C_M.csv,24,AvgDialog,Content,,没想到会参加自己的葬礼。,……自分の葬式に出るとは思わなかったよ。
AvgDialog_10130_Content_9,adnU,avg序章_AvgDialog_C_M.csv,25,AvgDialog,Content,拉蒙娜,接纳死亡，让我们不再畏惧死亡。,"死を受け入れることで、死への恐怖をなくす。
そういう儀式なのよ。"
AvgDialog_10130_Content_10,adnz,avg序章_AvgDialog_C_M.csv,26,AvgDialog,Content,拉蒙娜,只要名字还镌刻在碑铭上，我们的存在就不会被@2抹去。,名前が墓石に刻まれている限り、私たちの存在が@2に消されることはないわ。
AvgDialog_10130_Content_11,adnA,avg序章_AvgDialog_C_M.csv,27,AvgDialog,Content,,温和的声音夹杂着扭曲的嘶鸣在脑海中回荡。,ラモンナの穏やかな声に、不快な雑音が混じり、頭の中で反響するーー
AvgDialog_10130_Content_12,adnB,avg序章_AvgDialog_C_M.csv,28,AvgDialog,Content,拉蒙娜,我将作为你的助手，陪你抵达这条道路的终点……<Yellow:愿银钥指引前路。>,"あなたの助手として、最後までお供するわ……
<Yellow:銀の鍵の導きがあらんことを。>"
AvgDialog_10130_Content_13,adnC,avg序章_AvgDialog_C_M.csv,29,AvgDialog,Content,拉蒙娜,"还好吗，%player%？
从刚才开始，你的脸色就不太对劲。需要我送你去医务室吗？","……ねぇ、大丈夫？ %player%？
さっきから顔色がよくないわ。医務室へ行く？"
AvgDialog_10130_Content_14,adnD,avg序章_AvgDialog_C_M.csv,30,AvgDialog,Content,,她清冽的声音让头脑清晰了些许，眩晕的感觉也逐渐消退。,"彼女の済んだ声が、眩暈を和らげてくれた。
少しずつ頭が冴えていく。"
AvgDialog_10130_Content_15,adnE,avg序章_AvgDialog_C_M.csv,31,AvgDialog,Content,玩家,没事，只是一点头晕，已经缓解了。,"すこし眩暈がね。
もう大丈夫。"
AvgDialog_10130_Content_16,adnF,avg序章_AvgDialog_C_M.csv,32,AvgDialog,Content,拉蒙娜,"唔，保险起见，还是和我链接吧。
作为助手，也作为你的搭档，时刻确认你的状态可是我的责任。",そう……でも念のため、私とリンクしましょう。助手として、そしてパートナーとして、あなたの体調管理は私の役目だから。
AvgDialog_10130_Content_17,adnG,avg序章_AvgDialog_C_M.csv,33,AvgDialog,Content,玩家,现在？就在这里？,今？ ここで？
AvgDialog_10130_Content_18,adnH,avg序章_AvgDialog_C_M.csv,34,AvgDialog,Content,拉蒙娜,稍微提前了一点点，不过没关系，不是吗？,"少し早いだけじゃない。
大丈夫よね？"
AvgDialog_10130_Content_19,adnI,avg序章_AvgDialog_C_M.csv,35,AvgDialog,Content,拉蒙娜,从一年前开始，我就在期待今天了。,一年前から、今日という日を楽しみにしていたのよ。
AvgDialog_10130_Content_21,adnL,avg序章_AvgDialog_C_M.csv,37,AvgDialog,Content,,细雨将指尖濡湿，微弱的电流穿透手套，顺着你的皮肤和她的指尖隐秘流淌。,"優しい雨が指先を濡らす。
手袋越しに、微かな電流があなたと彼女の肌をそっと流れていった。"
AvgDialog_10130_Content_22,adnM,avg序章_AvgDialog_C_M.csv,38,AvgDialog,Content,,莫名的情绪顺着电流触动了你的神经，那是欣喜、雀跃、不安和……,"電流とともに、さまざまな感情が込み上げてくる。
喜び、期待、不安、それに……"
AvgDialog_10130_Content_23,adnN,avg序章_AvgDialog_C_M.csv,39,AvgDialog,Content,,……<Yellow:希望>。,……<Yellow:希望>。
AvgDialog_10127_Content_1,adnf,avg序章_AvgDialog_C_M.csv,40,AvgDialog,Content,拉蒙娜,多么温暖……精神链接非常稳定，你的精神与生命力从未如今天一般强韧。,"なんて温かいの……精神リンクはすごく安定しているわ。
あなたの精神力と生命力がこんなに強かったことはないわよ。"
AvgDialog_10127_Content_2,adng,avg序章_AvgDialog_C_M.csv,41,AvgDialog,Content,拉蒙娜,"你可不能轻易倒下哦，<Yellow:世界唯一>的守密人。
我们还指望靠你来调查和记录所有被融蚀抹消的历史呢。","<Yellow:世界でただ一人>の守秘者なんだから、簡単には倒れないでね。
あなたには融触に消された歴史を調査、記録する使命があるんだから。"
AvgDialog_10127_Content_3,adnh,avg序章_AvgDialog_C_M.csv,42,AvgDialog,Content,,眼底的担忧散去，拉蒙娜半开玩笑地在嘴角勾起一个令人安心的弧度。,ラモンナは冗談めかしてそう言うと、瞳に浮かんでいた不安を消し去るように、柔らかな笑みを浮かべた。
AvgDialog_10127_Content_4,adni,avg序章_AvgDialog_C_M.csv,43,AvgDialog,Content,,淅沥的雨声填满天地。,しとしと降り続く雨の音が世界に満ちている。
AvgDialog_10127_Content_5,adnj,avg序章_AvgDialog_C_M.csv,44,AvgDialog,Content,,<Red:不安、疼痛、窒息>却在某滴雨珠落下时，填满了胸口。,ぽとりと、雨粒が落ちた、その瞬間、<Red:不安、傷み、息苦しさ>が胸いっぱいに押し寄せた。
AvgDialog_10127_Content_7,adnl,avg序章_AvgDialog_C_M.csv,46,AvgDialog,Content,玩家,拉蒙娜！,ラモンナ！
AvgDialog_10127_Content_9,adnn,avg序章_AvgDialog_C_M.csv,48,AvgDialog,Content,,钟声鸣响。,鐘が鳴るーー
AvgDialog_10139_Content_1,adpG,avg序章_AvgDialog_C_M.csv,49,AvgDialog,Content,拉蒙娜战损版,"谢谢你，守密人，你又救了我一次。
如果不是这链接，我现在大概命悬一线了。","ありがとう、守秘者。また助けてくれたのね。
このリンクがなければ、危なかったわ。"
AvgDialog_10139_Content_2,adpH,avg序章_AvgDialog_C_M.csv,50,AvgDialog,Content,玩家,现在可不是说这些的时候——,今はそれどころじゃーー
AvgDialog_10139_Content_3,adpI,avg序章_AvgDialog_C_M.csv,51,AvgDialog,Content,,"交谈间，漆黑的异变已在你们身边蔓延。
惨叫声连绵不绝，昨天课堂上的同学不断化为漆黑黏液。","話している間にも、黒い異変が周囲に広がっていた。
あちこちから聞こえる悲鳴。
昨日の授業で一緒だったクラスメイトたちが、次々と黒い粘液に変わっていく。"
AvgDialog_10139_Content_4,adpJ,avg序章_AvgDialog_C_M.csv,52,AvgDialog,Content,拉蒙娜战损版,我已经通过链接向你共享了银钥监测到的敌方<Yellow:意图>，小心，它要发动攻击了！,"シルバーキーが探知した敵の<Yellow:行動予測>を、リンクを通じて共有したわ。
気をつけて。"
AvgDialog_10120_Content_1,adle,avg序章_AvgDialog_C_M.csv,53,AvgDialog,Content,拉蒙娜战损版,"保护好你手中的指令仪，小心融蚀污染。
在接下来的战斗中，它不可或缺。","指令用デバイスの融触汚染に注意して！
この先の戦いでは、それが必要になるわ。"
AvgDialog_10120_Content_2,adlf,avg序章_AvgDialog_C_M.csv,54,AvgDialog,Content,拉蒙娜战损版,按住<Yellow:指令卡>，拖动到<Yellow:中央指令区>，向我发出行动指令。,<Yellow:指令カード>を押し続けて、<Yellow:画面中央>にドラッグするの。それで私に戦闘命令を出せるわ。
AvgDialog_10138_Content_1,adpE,avg序章_AvgDialog_C_M.csv,55,AvgDialog,Content,拉蒙娜战损版,保持警惕，它要发动攻击了，这伤害对现在的我来说是致命的。,"警戒を続けて。
この攻撃を受ければ致命傷になってしまうわね……"
AvgDialog_10138_Content_2,adpF,avg序章_AvgDialog_C_M.csv,56,AvgDialog,Content,拉蒙娜战损版,相信你会做出理智的选择。这回合的行动，就选择<Yellow:「防御」>吧。,"冷静に判断するのよ。
このターンは<Yellow:「防御」>を選んで。"
AvgDialog_10122_Content_1,adlj,avg序章_AvgDialog_C_M.csv,57,AvgDialog,Content,拉蒙娜战损版,拖延下去对我们不利，必须速战速决。,"これ以上引き延ばすと不利ね。
速攻で決める必要があるわ。"
AvgDialog_10122_Content_2,adlk,avg序章_AvgDialog_C_M.csv,58,AvgDialog,Content,拉蒙娜战损版,"这是我自幼修习的<Yellow:「女王之剑」>。
就用这一击终结它吧！","これは私が幼い頃から磨いてきた<Yellow:「女王の剣」>。
この一撃で終わらせましょう！"
AvgDialog_10140_Content_1,adpK,avg序章_AvgDialog_C_M.csv,59,AvgDialog,Content,拉蒙娜战损版,"感觉到我身上流转的狂气了吗，守密人？
多亏有你的精神力压制，否则它将会让我陷入和萝坦一样的疯狂。","守秘者、私の中で狂気が渦巻いているのを感じる？
あなたの精神力が抑え込んでくれるおかげで、ロータンのように狂気に陥らないで済んでいるの。"
AvgDialog_10140_Content_2,adpL,avg序章_AvgDialog_C_M.csv,60,AvgDialog,Content,拉蒙娜战损版,不过现在，它能够为我们所用。,でも今は、この狂気を私たちのために使える。
AvgDialog_10140_Content_3,adpM,avg序章_AvgDialog_C_M.csv,61,AvgDialog,Content,拉蒙娜战损版,看向狂气流转的方向……对，看向指令仪的<Blue:左上角>。,狂気が流れる方向を……そう<Blue:左上>を見て。
AvgDialog_10140_Content_4,adpN,avg序章_AvgDialog_C_M.csv,62,AvgDialog,Content,拉蒙娜战损版,"释放狂气爆发，贯彻我的<Yellow:「世界演绎法」>吧！
在对抗融蚀的过程中，<Yellow:只有合理应对攻势，才能谋得最大的生机>。","狂気解放を発動し、私の<Yellow:「世界演繹法>を選んで！
融触との戦いでは、<Yellow:攻撃にうまく対応することで勝機をつかめる>わ。"
AvgDialog_10141_Content_1,adpO,avg序章_AvgDialog_C_M.csv,63,AvgDialog,Content,玩家,糟糕，萝坦将要释放<Yellow:狂气爆发>……只靠这些指令的话……,"まずい、ロータンが<Yellow:狂気解放>を発動しようとしている……
この命令だけじゃ……"
AvgDialog_10141_Content_2,adpP,avg序章_AvgDialog_C_M.csv,64,AvgDialog,Content,拉蒙娜战损版,银钥匙与你精神相连，你的强烈感悟，乃至回忆，都能让它震荡出别具一格的力量。,シルバーキーはあなたの精神と繋がっていて、あなたの感情や記憶をもとに、特別な力を生み出すの。
AvgDialog_10141_Content_3,adpQ,avg序章_AvgDialog_C_M.csv,65,AvgDialog,Content,拉蒙娜战损版,快看指令仪的<Blue:左下角>！银钥之能已经充盈，<Yellow:钥令>已经就绪。,<Blue:左下>を見て！シルバーキーの力が満ちて、<Yellow:キーオーダー>の準備が整っているわ。
AvgDialog_10141_Content_4,adpR,avg序章_AvgDialog_C_M.csv,66,AvgDialog,Content,拉蒙娜战损版,握紧银钥匙，唱诵密文……释放<Yellow:钥令>，为我争取到更多的战术空间！,"シルバーキーを使って呪文を唱えるの……
<Yellow:キーオーダー>を発動して！"
AvgDialog_10136_Content_1,adpu,avg序章_AvgDialog_C_M.csv,67,AvgDialog,Content,拉蒙娜战损版,这是……萝坦引以为傲的的<Yellow:「桀骜之刃」>，会瞬间发起多段攻击！,"これは……ロータンの<Yellow:「傲慢の刃」>！
瞬時に多段攻撃を仕掛けてくるわ！"
AvgDialog_10136_Content_2,adpv,avg序章_AvgDialog_C_M.csv,68,AvgDialog,Content,拉蒙娜战损版,应对这一招……用<Yellow:「攻势推演」>避开关键弱点，这样更稳妥。,"この場合は……
<Yellow:「攻勢演習」>で弱点をつくのがよさそうね。"
AvgDialog_10124_Content_1,adme,avg序章_AvgDialog_C_M.csv,69,AvgDialog,Content,拉蒙娜战损版,看来你已经找到状态了。接下来指挥就交给你了，守密人！,"そろそろ調子が出てきたんじゃない？
次の指揮はあなたに任せるわ！"
AvgDialog_10134_Content_1,adpa,avg序章_AvgDialog_C_M.csv,70,AvgDialog,Content,萝坦,喂，你这家伙，快点，让我释放<Yellow:「桀骜之刃」>。,"おい、急げ！
我に<Yellow:「傲慢の刃」>を使わせろ！"
AvgDialog_10134_Content_2,adpb,avg序章_AvgDialog_C_M.csv,71,AvgDialog,Content,朵尔唤醒体,"慢着，守密人。
先释放「打击」，激发萝坦的血性，能够降低<Yellow:「桀骜之刃」>的算力消耗。","待って。その前に「攻撃」を使ってみて。
そうすれば<Yellow:「傲慢の刃」>の行動力消費を減らせるわ。"
AvgDialog_10134_Content_3,adpc,avg序章_AvgDialog_C_M.csv,72,AvgDialog,Content,朵尔唤醒体,"合适的指令组合能让我们的攻击事半功倍。
战术就在指令中，守密人。好好想想。","適切な指令の組み合わせで攻撃の効率が上がるわ。
戦術の要は指令にあるの。よく考えて。"
AvgDialog_10128_Content_1,adno,avg序章_AvgDialog_C_M.csv,73,AvgDialog,Content,拉蒙娜战损版,小心，对方进入强攻态势了！,気をつけてーー敵がさらに強力な攻撃を仕掛けてくるわ！
AvgDialog_10128_Content_2,adnp,avg序章_AvgDialog_C_M.csv,74,AvgDialog,Content,朵尔唤醒体,"怕什么，我还在这里呢。
守密人，让我执行<Yellow:「外域手术」>。","何を怖がっているの？ 私がいるわ。
守秘者さん、私の<Yellow:「外界手術」>を使ってみて。"
AvgDialog_10125_Content_1,admf,avg序章_AvgDialog_C_M.csv,75,AvgDialog,Content,拉蒙娜战损版,呼，抱歉，现在没时间等你适应了。,ふう……ごめんなさい。今はあなたが鳴れるのを待つ時間はないの。
AvgDialog_10125_Content_2,admq,avg序章_AvgDialog_C_M.csv,76,AvgDialog,Content,拉蒙娜战损版,异变体在警钟敲响之前抵达钥冢，弥萨格外围的<Blue:迷雾屏障>多半已经失效。,"警鐘が鳴る前に、変異体が鍵塚に到達してしまったみたい。
ミサゴ周辺の<Blue:霧のバリア>はほとんど消えてしまったようね……"
AvgDialog_10125_Content_3,admB,avg序章_AvgDialog_C_M.csv,77,AvgDialog,Content,拉蒙娜战损版,"<Blue:威廉>学长知道今天钥冢有仪式，但援兵一直没来，加上钟声……
我们必须想办法和他们会合，<Yellow:消灭异变的源头>。","<Blue:ウィリアム>先輩は今日の儀式を知っているのに、援軍が来ない……
どうにか先輩と合流して、<Yellow:異変の根源を絶つ>べきだわ。"
AvgDialog_10125_Content_4,admM,avg序章_AvgDialog_C_M.csv,78,AvgDialog,Content,拉蒙娜战损版,那是？！,なに！？
AvgDialog_10125_Content_6,admY,avg序章_AvgDialog_C_M.csv,80,AvgDialog,Content,,视线尽头，金发少年抬着与身量不相称的黑色巨盾，正在抵抗身姿矫健的双剑战士的攻击。,視線の先で、金髪の少年が大きな黒い盾を持ち、双剣の戦士の攻撃を防いでいる。
AvgDialog_10125_Content_7,admZ,avg序章_AvgDialog_C_M.csv,81,AvgDialog,Content,,他用护盾牢牢挡住身后的粉色长发少女，被逼得节节后退。,彼は背後の桃色の髪の少女を盾でしっかり守り、後退する。
AvgDialog_10125_Content_8,adna,avg序章_AvgDialog_C_M.csv,82,AvgDialog,Content,拉蒙娜战损版,等等……正在发动袭击的人……是<Yellow:唤醒体>萝坦？！,待って……攻撃を仕掛けているのは<Yellow:覚醒体>ロータン？！
AvgDialog_10125_Content_9,adnb,avg序章_AvgDialog_C_M.csv,83,AvgDialog,Content,拉蒙娜战损版,朵尔？<Blue:钟楼>失控了？！,ドール？ <Blue:鐘楼>が制御不能になったの！？
AvgDialog_10125_Content_10,admg,avg序章_AvgDialog_C_M.csv,84,AvgDialog,Content,,拉蒙娜大惊失色，在记忆中，你似乎从未见过她如此慌乱的模样。,"ラモンナが驚きに目を丸くする。
今まで彼女がこんなに慌てる姿は見たことがない。"
AvgDialog_10125_Content_11,admh,avg序章_AvgDialog_C_M.csv,85,AvgDialog,Content,,被劈头盖脸砸了问题的少女声音颤抖，看上去有些疲惫。,質問攻めにされた桃色の髪の少女の声は震え、疲れた様子だった。
AvgDialog_10125_Content_12,admi,avg序章_AvgDialog_C_M.csv,86,AvgDialog,Content,,你认识她，她是以难交流著称的教授朵尔，隶属于<Blue:唤醒系科研所>。换句话说，是非战斗人员。,あなたは彼女を知っている。彼女は気難しいことで有名な、<Blue:覚醒学研究所>のドール教授、つまり、非戦闘員だ。
AvgDialog_10125_Content_13,admj,avg序章_AvgDialog_C_M.csv,87,AvgDialog,Content,朵尔唤醒体,不然我、来这里度假吗？,そうじゃなければ、私がここに休暇に来たとでも言いたいの？
AvgDialog_10125_Content_14,admk,avg序章_AvgDialog_C_M.csv,88,AvgDialog,Content,,她闭了闭眼，振作起来。,彼女は一度目を閉じて、気を取り直した。
AvgDialog_10125_Content_15,adml,avg序章_AvgDialog_C_M.csv,89,AvgDialog,Content,朵尔唤醒体,钥冢居然也受到了袭击？这里离后门近，你们抓紧时间离开。,"鍵塚が襲撃されたのね。
ここは裏門に近いわ、急いで離れなさい。"
AvgDialog_10125_Content_16,admm,avg序章_AvgDialog_C_M.csv,90,AvgDialog,Content,拉蒙娜战损版,我们能帮上忙！%player%可以链接我们所有人，然后指挥——,私たちは戦える！ %player%は私たち全員とリンクして、指揮することができるわーー
AvgDialog_10125_Content_17,admn,avg序章_AvgDialog_C_M.csv,91,AvgDialog,Content,朵尔唤醒体,"拉蒙娜。
那些是我们的义务，%player%只是个刚读完预科的新人。",ラモンナ。それは私たちの義務よ。%player%はまだ教育を終えたばかりの新人なんだから……
AvgDialog_10125_Content_18,admo,avg序章_AvgDialog_C_M.csv,92,AvgDialog,Content,拉蒙娜战损版,但%player%已经和我链接了，我知道%heorshe%可以……我相信%heorshe%可以！,"でも%player%は私とリンクしているわ。
%heorshe%ならできると……私は信じてる！"
AvgDialog_10125_Content_19,admp,avg序章_AvgDialog_C_M.csv,93,AvgDialog,Content,,朵尔上下打量你，板起脸朝向拉蒙娜。,ドールはあなたを一瞥し、なにかを決意したような表情で、ラモンナの方を向いた。
AvgDialog_10125_Content_20,admr,avg序章_AvgDialog_C_M.csv,94,AvgDialog,Content,朵尔唤醒体,"如果我没猜错，宣誓仪式应该尚未完成。
%heorshe%，还没有被授予银钥匙吧？",見たところ誓いの儀式が中途半端ね。%heorshe%、まだ正式にシルバーキーを授与されていないでしょう？
AvgDialog_10125_Content_21,adms,avg序章_AvgDialog_C_M.csv,95,AvgDialog,Content,朵尔唤醒体,接下来我们会深入弥萨格禁区，未经授权者擅入禁区是什么级别的事故，我以为你自幼在此长大，心里是有数的。,次はミサゴ禁区に入るわ。無許可で禁区に入るのがどれほど危険か、幼い頃からここで育ったあなたならわかるはずよね？
AvgDialog_10125_Content_22,admt,avg序章_AvgDialog_C_M.csv,96,AvgDialog,Content,拉蒙娜战损版,"情况紧急，我们别无选择，不是吗？
而且，%player%不是普通的新生，%heorshe%是我们唯一的守密人。","今は緊急事態よ。
他に選択肢がある？
それに%player%は普通の新入生じゃない……%heorshe%は私たちの、唯一の守秘者よ。"
AvgDialog_10125_Content_23,admu,avg序章_AvgDialog_C_M.csv,97,AvgDialog,Content,拉蒙娜战损版,你应该还记得吧，一年前的<Yellow:阿库特大爆炸>。 当时如果不是%heorshe%以一己之力链接所有唤醒体，我现在也不可能站在这里与你争论。,"覚えているでしょ？ 一年前の<Yellow:アクート大爆発>。
もし%heorshe%がすべての覚醒体とリンクを繋いでいなければ、今ここであなたと口論することもできなかった……"
AvgDialog_10125_Content_24,admv,avg序章_AvgDialog_C_M.csv,98,AvgDialog,Content,,粉色头发的少女没有回答，反而转向了你。,桃色の髪の少女はラモンナの問いには答えず、あなたに向き直った。
AvgDialog_10125_Content_25,admw,avg序章_AvgDialog_C_M.csv,99,AvgDialog,Content,朵尔唤醒体,我知道你曾经窥见过<Yellow:「门」>内之物。但无论是世界的未来，还是弥萨格的内核，或许都比你想象得更为残酷。,"あなたが<Yellow:「門」>の中を覗いたことがあるのは知っているわ。
でも、世界の未来やミサゴ大学の核心は、あなたが想像するよりも残酷化もしれない……"
AvgDialog_10125_Content_26,admx,avg序章_AvgDialog_C_M.csv,100,AvgDialog,Content,朵尔唤醒体,我们面对的是会毁灭物质存在本身的现象，一旦被<Yellow:融蚀>污染，你的一切都会烟消云散。,"私たちが直面しているのは、存在そのものを破壊する現象よ。
<Yellow:融触>に汚染されると、すべてが消えてしまう。"
AvgDialog_10125_Content_27,admy,avg序章_AvgDialog_C_M.csv,101,AvgDialog,Content,朵尔唤醒体,你在宣誓仪式中刻在墓碑上的名字，也会化作一滩黑泥，无人铭记。,誓いの儀式で墓標に刻んだ名前も黒い泥となり、誰からも忘れられてしまう。
AvgDialog_10125_Content_28,admz,avg序章_AvgDialog_C_M.csv,102,AvgDialog,Content,朵尔唤醒体,回答我，你真的做好觉悟了吗？,答えて、本当に覚悟はできてる？
AvgDialog_10125_Content_29,admA,avg序章_AvgDialog_C_M.csv,103,AvgDialog,Content,,朵尔冷冰冰地望着你，语调毫无起伏。,"ドールは冷たい目であなたを見つめる。
その声に感情の起伏はない。"
AvgDialog_10125_Content_30,admC,avg序章_AvgDialog_C_M.csv,104,AvgDialog,Content,,她看上去没什么表情，但你从那冰霜般的瞳孔底部，窥见了熊熊燃烧的火焰。,彼女は特に表情を変えなかったが、その氷のような瞳孔の奥に燃える炎が見えた。
AvgDialog_10125_Content_31,admD,avg序章_AvgDialog_C_M.csv,105,AvgDialog,Content,,你的回答是——,あなたの答えはーー
AvgDialog_10125_Content_32,admE,avg序章_AvgDialog_C_M.csv,106,AvgDialog,Content,,我的墓碑，现在正伫立于钥冢之中。,私の墓標はもう、この鍵塚の中に立っている。
AvgDialog_10125_Content_33,admF,avg序章_AvgDialog_C_M.csv,107,AvgDialog,Content,,"你是弥萨格的一员。
或许早在阿库特时，你就已经是了。","あなたはミサゴ大学の一員だ。
おそらくアクート大爆発のときから、すでにそうだった。"
AvgDialog_10125_Content_34,admG,avg序章_AvgDialog_C_M.csv,108,AvgDialog,Content,,这里有只有我能做到的事情。,ここには私にしかできないことがある。
AvgDialog_10125_Content_35,admH,avg序章_AvgDialog_C_M.csv,109,AvgDialog,Content,,这决定或许稍显仓促，但谁能保证人生的每个时刻都是准备万全的呢？,急な決断かもしれない。けれどすべての瞬間において準備が整っているなんて、ありえないことだ。
AvgDialog_10125_Content_36,admI,avg序章_AvgDialog_C_M.csv,110,AvgDialog,Content,朵尔唤醒体,好。,いいわ。
AvgDialog_10125_Content_37,admJ,avg序章_AvgDialog_C_M.csv,111,AvgDialog,Content,朵尔唤醒体,我代弥萨格第六任校长<Blue:奥利弗·艾尔西>授予你这枚银钥匙，编号K-0617。,ミサゴ大学第六代校長<Blue:オリバー・エルシー>よりシルバーキー番号K-0617を授けましょう。
AvgDialog_10125_Content_39,admL,avg序章_AvgDialog_C_M.csv,113,AvgDialog,Content,,"朵尔从精密的小盒中取出银钥匙，佩戴在你的胸口。
银钥匙闪过荧光，熟悉的感觉充盈胸腔。","ドールは精巧な小箱からシルバーキーを取り出し、あなたの胸にかけた。
シルバーキーがほのかに輝き、懐かしい感覚が胸に満ちてゆく。"
AvgDialog_10125_Content_40,admN,avg序章_AvgDialog_C_M.csv,114,AvgDialog,Content,朵尔唤醒体,从今往后，你将以守密人的称号，与万万千千的弥萨格师生同在。,これからあなたは守秘者という特別な肩書を背負って、多くのミサゴ大学のメンバーと共に過ごすことになる。
AvgDialog_10125_Content_41,admO,avg序章_AvgDialog_C_M.csv,115,AvgDialog,Content,朵尔唤醒体,……,……
AvgDialog_10125_Content_42,admP,avg序章_AvgDialog_C_M.csv,116,AvgDialog,Content,朵尔唤醒体,现在，和我链接吧。,今からわたしとリンクしなさい。
AvgDialog_10125_Content_43,admQ,avg序章_AvgDialog_C_M.csv,117,AvgDialog,Content,,"你依照训练谨慎地发动银钥匙。
银辉闪烁，精神链接如千缕无形丝线将你和朵尔的感官联系起来。",あなたは慎重にシルバーキーを発動した。銀の光彩がきらめき、精神リンクが無数の見えない糸のようにあなたとドールの感覚を結びつける。
AvgDialog_10125_Content_44,admR,avg序章_AvgDialog_C_M.csv,118,AvgDialog,Content,,"仿佛电流接通，“啪”地一声，无数光影讯息传入脑海。
你被强烈的心悸震慑，几乎站立不稳。","「パチッ」という音とともに、まるで電流が流れたかのように、無数の光と情報が脳内に流れ込む。
とたんに、立っていられないほどの強烈な動機に襲われた。"
AvgDialog_10125_Content_45,admS,avg序章_AvgDialog_C_M.csv,119,AvgDialog,Content,玩家,朵尔，你……,ドール、君は……
AvgDialog_10125_Content_46,admT,avg序章_AvgDialog_C_M.csv,120,AvgDialog,Content,朵尔唤醒体,"你来得很及时，守密人。
我和奥吉尔……都已经是强弩之末了。","タイミングがよかったわ、守秘者さん。
私とオジールはもう限界だった。"
AvgDialog_10125_Content_47,admU,avg序章_AvgDialog_C_M.csv,121,AvgDialog,Content,玩家,你留在原地休息，我和拉蒙娜参战支援奥吉尔。,"ここで休んでいて。
私はラモンナと一緒に、オジールを助けに行く。"
AvgDialog_10125_Content_48,admV,avg序章_AvgDialog_C_M.csv,122,AvgDialog,Content,朵尔唤醒体,冷静。就算你的精神能够承受，拉蒙娜的伤势也不适合立即投入战斗。,冷静に。あなたの精神が耐えられても、ラモンナはあの傷じゃすぐには戦えない。
AvgDialog_10125_Content_49,admW,avg序章_AvgDialog_C_M.csv,123,AvgDialog,Content,朵尔唤醒体,那孩子还能坚持一会儿，先跟我来。,"オジールはもう少し頑張れるはず……
まずはわたしについてきて。"
AvgDialog_10135_Content_1,adpd,avg序章_AvgDialog_C_M.csv,124,AvgDialog,Content,奥吉尔,小心，别靠近！我的盾要撑不住了！,気をつけて、近づかないでください！ 僕のシールドが持ちません！
AvgDialog_10135_Content_2,adpm,avg序章_AvgDialog_C_M.csv,125,AvgDialog,Content,,只听“咣”地一声，萝坦的双剑再次击碎了黑色粘液凝固成的巨盾。,「ガン」と音が鳴り、ロータンの双剣が黒い盾を粉々に砕いた。
AvgDialog_10135_Content_3,adpn,avg序章_AvgDialog_C_M.csv,126,AvgDialog,Content,萝坦,不够看不够看！掀起狂浪吧！给我一场酣畅淋漓的战斗吧！,まだ足りぬ！ 大波を巻き起こせ！ 壮絶な戦闘をさせろ！
AvgDialog_10135_Content_4,adpo,avg序章_AvgDialog_C_M.csv,127,AvgDialog,Content,,名为萝坦的唤醒体挥舞着双刀，一次又一次地袭向奥吉尔，那威力昭示着无情的现实——她已经彻底失控了。,ロータンという覚醒体が二刀を振り回し、何度もオジールに襲いかかる。その勢いは彼女が完全に正気を失っていることを示していた。
AvgDialog_10135_Content_5,adpp,avg序章_AvgDialog_C_M.csv,128,AvgDialog,Content,拉蒙娜战损版,看这情形，我们只能……,この状況では、私たちは……
AvgDialog_10135_Content_6,adpq,avg序章_AvgDialog_C_M.csv,129,AvgDialog,Content,玩家,拉蒙娜，帮我压制萝坦！,ラモンナ、ロータンを抑えて！
AvgDialog_10135_Content_7,adpr,avg序章_AvgDialog_C_M.csv,130,AvgDialog,Content,拉蒙娜战损版,你不会是要……,あなた、まさか……
AvgDialog_10135_Content_8,adps,avg序章_AvgDialog_C_M.csv,131,AvgDialog,Content,玩家,我去链接她！,彼女とリンクする！
AvgDialog_10135_Content_9,adpt,avg序章_AvgDialog_C_M.csv,132,AvgDialog,Content,拉蒙娜战损版,别开玩笑了，唤醒体的失控会通过链接与调查员高频共振，即使是你也——,冗談はやめて、覚醒体の暴走はリンクを通じて調査員にも影響を与えるわ、たとえあなたでも……
AvgDialog_10135_Content_10,adpe,avg序章_AvgDialog_C_M.csv,133,AvgDialog,Content,,除了我没人能做到这点，你知道的。,私以外にはできないことだ。君も知っているだろう。
AvgDialog_10135_Content_11,adpf,avg序章_AvgDialog_C_M.csv,134,AvgDialog,Content,玩家,夸我的时候“百年一遇”，真面临危机了就把我当花瓶，这不太合适。,"褒めるときは「百年に一度」で、危険なときは「お飾り」扱い？
それはないよ。"
AvgDialog_10135_Content_12,adpg,avg序章_AvgDialog_C_M.csv,135,AvgDialog,Content,,有些风险总得面对。,リスクは避けられない。
AvgDialog_10135_Content_13,adph,avg序章_AvgDialog_C_M.csv,136,AvgDialog,Content,玩家,我们别无他法。这里失控的人太多了，不反抗的话，只会被疯狂吞没。,"他に方法が無い。ここには制御不能な人が多すぎる……
抵抗しなければ、狂気に飲み込まれるだけだ。"
AvgDialog_10135_Content_14,adpi,avg序章_AvgDialog_C_M.csv,137,AvgDialog,Content,玩家,"况且，就凭你我二人，根本不可能突破钟楼那边的包围。
我们需要帮助，需要支配唤醒体的力量。","それに、君と私だけではこの方位を突破するのは不可能だよ。
助けが必要だ、覚醒体の力が。"
AvgDialog_10135_Content_15,adpj,avg序章_AvgDialog_C_M.csv,138,AvgDialog,Content,玩家,拉蒙娜，支援我。,ラモンナ、援護を。
AvgDialog_10135_Content_16,adpk,avg序章_AvgDialog_C_M.csv,139,AvgDialog,Content,拉蒙娜战损版,既然你执意如此……作为“搭档”，我也没有更多阻止你的理由。,あなたがそう望むなら……「パートナー」として、もう止める理由はないわね。
AvgDialog_10135_Content_17,adpl,avg序章_AvgDialog_C_M.csv,140,AvgDialog,Content,拉蒙娜战损版,拉蒙娜，随时应战！,ラモンナーーいつでも戦えるわ！
AvgDialog_10129_Content_1,adnq,avg序章_AvgDialog_C_M.csv,141,AvgDialog,Content,朵尔唤醒体,发动银钥匙，%player%。,%player%、シルバーキーを発動して。
AvgDialog_10129_Content_2,adnr,avg序章_AvgDialog_C_M.csv,142,AvgDialog,Content,,银钥匙闪烁，一阵虚幻的景象突然浮现，并渐渐和眼前的现实重合。,シルバーキーが輝き、あらわれた幻想的な景色が、現実と重なる。
AvgDialog_10129_Content_3,adns,avg序章_AvgDialog_C_M.csv,143,AvgDialog,Content,,眩晕感让思维变得生涩，脑内似有警笛尖鸣，朵尔的声音也开始变得渺远起来……,"眩暈で思考が鈍くなる。
頭の中で警報が鳴り響き、ドールの声も遠くなっていく……"
AvgDialog_10129_Content_4,adnt,avg序章_AvgDialog_C_M.csv,144,AvgDialog,Content,,你竭力镇定心神，从嘈杂琐碎的乱语中分辨朵尔提供的信息。,"あなたは必死に心を落ち着かせた。
ドールから流れ込んでくる情報を、余計なノイズの中から見分ける。"
AvgDialog_10129_Content_5,adnu,avg序章_AvgDialog_C_M.csv,145,AvgDialog,Content,朵尔唤醒体,看见了吗？你眼前的就是密境——一个由<Yellow:幻梦维度>和<Yellow:现实维度>共同构成的特殊区域。,見えた？ 目の前にあるのが密境ーー<Yellow:幻夢次元>と<Yellow:現実次元>が共存する特別なエリアよ。
AvgDialog_10129_Content_6,adnv,avg序章_AvgDialog_C_M.csv,146,AvgDialog,Content,朵尔唤醒体,弥萨格在密境中投射了一部分<Blue:联络点>，以稳定调查员趋于疯狂的心智，为唤醒体弥合伤口。,"ミサゴは密境の一部に<Blue:休憩所>を準備しているわ。
調査員の狂気に傾いた精神を安定させ、覚醒体の傷をいやす場所よ。"
AvgDialog_10129_Content_7,adnw,avg序章_AvgDialog_C_M.csv,147,AvgDialog,Content,朵尔唤醒体,然而，人为干预在密境里效果有限，我们无法保证<Blue:联络点>出现的位置，一切还要依靠你的随机应变。,"ただ、密境の中では人為的な鑑賞の効果は限られているの。<Blue:連絡所>の位置も保証できない。
すべてはあなたの機転にかかっているわ。"
AvgDialog_10129_Content_8,adnx,avg序章_AvgDialog_C_M.csv,148,AvgDialog,Content,朵尔唤醒体,现在，就去最近的<Blue:联络点>，帮拉蒙娜治愈伤口吧。,とりあえず近くの<Blue:休憩所>へ行って、ラモンナの傷を治療しましょう。
AvgDialog_10121_Content_1,adlg,avg序章_AvgDialog_C_M.csv,149,AvgDialog,Content,拉蒙娜战损版,<Yellow:银芯>？没想到在这里……,<Yellow:シルバーコア>？ こんなところで見つかるなんて。
AvgDialog_10121_Content_2,adlh,avg序章_AvgDialog_C_M.csv,150,AvgDialog,Content,拉蒙娜战损版,"制造银钥匙，链接唤醒体，提供精神能源……
弥萨格的一切活动都与<Yellow:银芯>息息相关。","シルバーキーを製造し、覚醒体とリンクし、精神エネルギーを提供する……
ミサゴのすべての活動は、この<Yellow:シルバーコア>がもとになっているの。"
AvgDialog_10121_Content_3,adli,avg序章_AvgDialog_C_M.csv,151,AvgDialog,Content,拉蒙娜战损版,"哪怕是极微量的<Yellow:银芯>，对弥萨格的研究也有着超乎寻常的价值。
尽量把它们都收集起来吧。","このくらい微量の<Yellow:シルバーコア>でもすごく価値があるわ。
できるだけ集めておきましょう。"
AvgDialog_10137_Content_1,adpw,avg序章_AvgDialog_C_M.csv,152,AvgDialog,Content,萝坦,你们阻拦不了我！……无耻的人类……,"我は止められぬぞ！
……恥知らずな人間どもめ！"
AvgDialog_10137_Content_2,adpx,avg序章_AvgDialog_C_M.csv,153,AvgDialog,Content,,你触摸着刚刚获得的银钥匙，微弱的震动传来，催促你完成与萝坦的共鸣。,手にしたばかりのシルバーキーに触れると、微かな震度が伝わり、ロータンとのリンクが始まる。
AvgDialog_10137_Content_4,adpz,avg序章_AvgDialog_C_M.csv,155,AvgDialog,Content,萝坦,<Shake:早知如此……绝不与你们定下约定……>,<Shake:こんなことなら……約束しなかった……>
AvgDialog_10137_Content_5,adpA,avg序章_AvgDialog_C_M.csv,156,AvgDialog,Content,,拉蒙娜走近萝坦，向她伸出手。,ラモンナはロータンに近づき、手を差し出した。
AvgDialog_10137_Content_6,adpB,avg序章_AvgDialog_C_M.csv,157,AvgDialog,Content,拉蒙娜战损版,我知道，当年你被唤醒时，弥萨格曾许诺你，会与你一起战斗……战斗至这个星球的末日。,そうよね。目覚めたときに、ミサゴはこの惑星の終わりまで一緒に戦うと約束したわ。
AvgDialog_10137_Content_7,adpC,avg序章_AvgDialog_C_M.csv,158,AvgDialog,Content,拉蒙娜战损版,我们从未打算过违背约定，这个三百年，下一个三百年，我们都将为此负重前行。,"約束を破るつもりはない。
この三百年、そして次の三百年も、私たちはそれを背負って進むもの。"
AvgDialog_10137_Content_8,adpD,avg序章_AvgDialog_C_M.csv,159,AvgDialog,Content,拉蒙娜战损版,萝坦，你期待的酣畅淋漓的战斗，近在眼前。,"ロータン。
あなたの望み通り、思う存分戦えるわよ。"
AvgDialog_10132_Content_1,adoc,avg序章_AvgDialog_C_M.csv,160,AvgDialog,Content,萝坦,呵，就凭你们，也想毁灭这颗星球？,ふん……確かにな、我を差し置いて、融触生物程度がこの惑星を破壊できると思っているのか？
AvgDialog_10132_Content_2,adod,avg序章_AvgDialog_C_M.csv,161,AvgDialog,Content,萝坦,还远远不够！无论还有多少，统统放马过来吧！,まだまだ足りない！ どれだけあろうとも！ まとめてかかってこい！
AvgDialog_10131_Content_1,adnV,avg序章_AvgDialog_C_M.csv,162,AvgDialog,Content,朵尔唤醒体,现在，我和奥吉尔也出战。,この先はわたしとオジールも出陣するわ。
AvgDialog_10131_Content_2,adnW,avg序章_AvgDialog_C_M.csv,163,AvgDialog,Content,玩家,我能通过链接感受到，你和奥吉尔的状况还不足以……,リンクを通じて感じたけど、あなたとオジールの状態はまだ……
AvgDialog_10131_Content_3,adnX,avg序章_AvgDialog_C_M.csv,164,AvgDialog,Content,奥吉尔,"没关系的，守密人。
骑士就是为了守护大家而存在的，奥吉尔可以撑住！","問題ありません。騎士はみんなを守るために存在するのです。
僕はまだ耐えられます！"
AvgDialog_10131_Content_4,adnY,avg序章_AvgDialog_C_M.csv,165,AvgDialog,Content,朵尔唤醒体,不必担心，现在有你来稳定心神，我们不会失控，可以最大限度地利用狂气。,……心配ないわ。あなたが心を安定させてくれるおかげで、わたしたちは正気のまま狂気を最大限に利用できるの。
AvgDialog_10131_Content_5,adnZ,avg序章_AvgDialog_C_M.csv,166,AvgDialog,Content,朵尔唤醒体,只要积攒足够的狂气，我就能恢复状态。,十分に狂気を満たせば、状態も回復できるわ。
AvgDialog_10131_Content_6,adoa,avg序章_AvgDialog_C_M.csv,167,AvgDialog,Content,朵尔唤醒体,"别再犹豫了，守密人。
接下来能否突破围堵，就看你的指挥了。","迷わないで、守秘者さん。
ここを突破できるかは、あなたの指揮にかかっているのよ。"
AvgDialog_10131_Content_7,adob,avg序章_AvgDialog_C_M.csv,168,AvgDialog,Content,萝坦,就让我来见证一下吧——弥萨格的未来，究竟寄托在了怎样的指挥上。,"では見せてもらおうかーー
ミサゴの未来が、どんな指揮官に託されたのかを。"
AvgDialog_10123_Content_1,adll,avg序章_AvgDialog_C_M.csv,169,AvgDialog,Content,,你们穿过钟楼下的小门，进入一处隐蔽的封闭通道。,鐘楼の下の小さな扉をくぐり、隠された閉鎖通路へと入った。
AvgDialog_10123_Content_2,adlw,avg序章_AvgDialog_C_M.csv,170,AvgDialog,Content,,朵尔在前方引路，脚步敲击在金属路面，发出空洞的回响。,ドールが先導し、金属の路面を歩く足音が空しく響く。
AvgDialog_10123_Content_3,adlH,avg序章_AvgDialog_C_M.csv,171,AvgDialog,Content,奥吉尔,我还是第一次知道，钟楼下还有这样的密道……,鐘楼の下にこんな抜け道があるなんて……知りませんでした。
AvgDialog_10123_Content_4,adlS,avg序章_AvgDialog_C_M.csv,172,AvgDialog,Content,朵尔唤醒体,"尽人皆知的，我猜就不叫密道了。
通道连接的是<Yellow:黑池>，那是弥萨格的立身之本。","みんなが知っていることなら抜け道とは言わないわ。この通路は<Yellow:昏き海>に繋がっている。
ここはミサゴのテクノロジーの基盤よ。"
AvgDialog_10123_Content_5,adlZ,avg序章_AvgDialog_C_M.csv,173,AvgDialog,Content,朵尔唤醒体,如果没有黑池底的被称为<Yellow:核>的<Yellow:巨型银芯>，仅靠孱弱的人类精神来维持唤醒体现世，弥萨格的唤醒体技术不知道要比现在落后几十年。,"昏き海の底には<Yellow:核>と呼ばれる<Yellow:巨大なシルバーコア>があるの。
覚醒体を現世に維持するために、人間の精神力だけでは不十分……
この核がなければ、ミサゴの覚醒体技術はきっと何十年も遅れていたでしょうね。"
AvgDialog_10123_Content_6,adma,avg序章_AvgDialog_C_M.csv,174,AvgDialog,Content,奥吉尔,所以不允许未链接唤醒体离开弥萨格，也是担心我们会陷入疯狂吗？,リンクしていない覚醒体がミサゴを離れられないのは、ぼくたちが狂気に呑み込まれるのを心配しているからなのですか？
AvgDialog_10123_Content_7,admb,avg序章_AvgDialog_C_M.csv,175,AvgDialog,Content,朵尔唤醒体,"那倒不完全是。
如果每个唤醒体都像你一样省心就好了，奥吉尔。",それだけじゃないわ。すべての覚醒体がオジール、あなたのように手がかからないといいんだけど。
AvgDialog_10123_Content_8,admc,avg序章_AvgDialog_C_M.csv,176,AvgDialog,Content,朵尔唤醒体,好了，我们到了。,さあ、着いたわ。
AvgDialog_10123_Content_9,admd,avg序章_AvgDialog_C_M.csv,177,AvgDialog,Content,,"说着，朵尔按下了通道侧面一个不显眼的按钮。
叮的一声，门洞敞开，你们迈入光线幽暗的狭小空间。","そう言ってドールは通路の側面にある目立たないボタンを押した。
チンという音とともに扉が開き、薄暗く狭い空間に足を踏み入れる。"
AvgDialog_10123_Content_10,adlm,avg序章_AvgDialog_C_M.csv,178,AvgDialog,Content,,……,……
AvgDialog_10123_Content_11,adln,avg序章_AvgDialog_C_M.csv,179,AvgDialog,Content,,大门缓缓开启，禁忌之所的景象初次展现在你们眼前。,"大きな扉がゆっくりと開く。
禁忌の場所の光景が、目の前に広がっていた。"
AvgDialog_10123_Content_13,adlp,avg序章_AvgDialog_C_M.csv,181,AvgDialog,Content,,祂的下身浸于黑色的泥沼中，那吞噬一切的黑暗衬得祂更加光耀夺目，洁白无瑕。,「それ」の下半身は黒い泥に浸かっている。すべてを飲み込むような闇は、「それ」をより一層輝かしく、純白で無垢なものに見せていた。
AvgDialog_10123_Content_14,adlq,avg序章_AvgDialog_C_M.csv,182,AvgDialog,Content,,恍惚间，你眼前非人的身影，与你在钥冢中出神时看到的年轻女性的轮廓悄然重合。,ぼんやりと、あなたの目の前にいる人ならざる者のその姿は、鍵塚で見た若い女性の輪郭と重なった。
AvgDialog_10123_Content_15,adlr,avg序章_AvgDialog_C_M.csv,183,AvgDialog,Content,,祂没有面孔，你却从祂伫立的身姿中读出了某种悲悯。,"「それ」には顔がない。
しかしその立ち姿からは、なにかしらの慈悲が感じられた。"
AvgDialog_10123_Content_16,adls,avg序章_AvgDialog_C_M.csv,184,AvgDialog,Content,,至高、至洁、至善、至美。,至高、至上、至善、至美ーー
AvgDialog_10123_Content_17,adlt,avg序章_AvgDialog_C_M.csv,185,AvgDialog,Content,塔薇,<Shake:你……来了……>,<Shake:よく……来た……>
AvgDialog_10123_Content_18,adlu,avg序章_AvgDialog_C_M.csv,186,AvgDialog,Content,,白色的怪物发出喑哑的声音，似是嘶吼，又似是悲鸣。,"白い怪物はかすれた声を発した。
それは咆哮のようでもあり、悲鳴のようでもある。"
AvgDialog_10123_Content_19,adlv,avg序章_AvgDialog_C_M.csv,187,AvgDialog,Content,,那绝非人类的语言，你却理解了祂话语中的含义。,決して人間の言語ではなかったが、あなたには、「それ」の言葉の意味がわかった。
AvgDialog_10123_Content_20,adlx,avg序章_AvgDialog_C_M.csv,188,AvgDialog,Content,,眼前的一切突然变得模糊，你眨了眨眼睛，温热的液体从你脸颊滑过。,目の前の光景が突然ぼやけ、まばたきをすると、温かい液体が頬を伝っていく。
AvgDialog_10123_Content_21,adly,avg序章_AvgDialog_C_M.csv,189,AvgDialog,Content,,那是泪水吗？可是为什么？是什么让你感到胸口发紧，眼眶酸涩？,"涙……なのか？ だがなぜ？
なにが胸を締めつけ、視界を滲ませるのだろう。"
AvgDialog_10123_Content_22,adlz,avg序章_AvgDialog_C_M.csv,190,AvgDialog,Content,朵尔唤醒体,……<Yellow:塔薇>？,……<Yellow:タヴィ>？
AvgDialog_10123_Content_23,adlA,avg序章_AvgDialog_C_M.csv,191,AvgDialog,Content,,朵尔口中喃喃出的字句让拉蒙娜神色一变。,ドールが口にした言葉に、ラモンナの表情が変わる。
AvgDialog_10123_Content_24,adlB,avg序章_AvgDialog_C_M.csv,192,AvgDialog,Content,拉蒙娜战损版,塔薇？是创始人之一的那个，唤醒体塔薇吗？,"タヴィ？
創設者の一人、覚醒体タヴィのこと？"
AvgDialog_10123_Content_25,adlC,avg序章_AvgDialog_C_M.csv,193,AvgDialog,Content,,"你也记得。
在<Blue:《弥萨格校史》>中，这个名字和另外两个名字是一同出现的。","それは、あなたも知っている話だった。
<Blue:《ミサゴ校史》>には、その名が他の二つの名前と共に記されている。"
AvgDialog_10123_Content_26,adlD,avg序章_AvgDialog_C_M.csv,194,AvgDialog,Content,,洪积90年，<Blue:华德·菲利普斯>，<Blue:刻拉尔克什>和<Blue:塔薇>成立了<Blue:弥萨格学院（Mythag College）>。,A.F.90年、<Blue:ワード・フィリップス>、<Blue:クラークシュ>、そして<Blue:タヴィ>が、<Blue:ミサゴ学院（Mythag College）>を設立した。
AvgDialog_10123_Content_27,adlE,avg序章_AvgDialog_C_M.csv,195,AvgDialog,Content,,那正是你现在所在的，<Blue:弥萨格大学（Mythag University）>的前身。,それが、あなたの所属している<Blue:ミサゴ大学（Mythag University）>の前身だ。
AvgDialog_10123_Content_28,adlF,avg序章_AvgDialog_C_M.csv,196,AvgDialog,Content,朵尔唤醒体,守密人。,守秘者さん。
AvgDialog_10123_Content_29,adlG,avg序章_AvgDialog_C_M.csv,197,AvgDialog,Content,玩家,我在。,ここにいるよ。
AvgDialog_10123_Content_30,adlI,avg序章_AvgDialog_C_M.csv,198,AvgDialog,Content,朵尔唤醒体,你现在能站在这里，而不是被塔薇驱逐出去，就说明你的命运已经与弥萨格的未来紧紧相连了。,タヴィに追い出されず、こうしてここに立っているということは、あなたの運命がミサゴ大学の未来と深く結びついている証拠よ。
AvgDialog_10123_Content_31,adlJ,avg序章_AvgDialog_C_M.csv,199,AvgDialog,Content,朵尔唤醒体,所以，你有资格听我接下来说的信息。,だから、これから話すことを聞く資格があるわ。
AvgDialog_10123_Content_32,adlK,avg序章_AvgDialog_C_M.csv,200,AvgDialog,Content,朵尔唤醒体,"这是弥萨格大学隐藏最深的秘密。
塔薇——这位弥萨格大学创始人——既非人类，也不是唤醒体。","これはミサゴ大学の最も重要な秘密。
タヴィーーミサゴ大学の創設者ーーは人間でも覚醒体でもない。"
AvgDialog_10123_Content_33,adlL,avg序章_AvgDialog_C_M.csv,201,AvgDialog,Content,朵尔唤醒体,祂是来自其他维度的生物，最初出现时，只是初代校长菲利普斯聆听到的一缕絮语。,「それ」は異次元から来た生物。最初に現れたときは、初代学長フィリップスが聞いた囁きに過ぎなかったの。
AvgDialog_10123_Content_34,adlM,avg序章_AvgDialog_C_M.csv,202,AvgDialog,Content,朵尔唤醒体,与“塔薇是唤醒体”这个认知恰好相反，提炼银芯、<Yellow:唤醒与上位意志共鸣的亡者>的唤醒体技术，是在塔薇的引导下诞生的。,「タヴィは覚醒体である」という認識は誤りで、全くの逆。
AvgDialog_10123_Content_35,adlN,avg序章_AvgDialog_C_M.csv,203,AvgDialog,Content,朵尔唤醒体,塔薇预言了融蚀的降临和世界毁灭的未来，传递了最初的「真理」，并在弥萨格学院建立后陷入沉睡。,タヴィは融触の到来と世界の滅亡を予言し、最初の「真理」を伝え、ミサゴ学院の設立後に眠りについた。
AvgDialog_10123_Content_36,adlO,avg序章_AvgDialog_C_M.csv,204,AvgDialog,Content,朵尔唤醒体,根据菲利普斯先生的记载，这是塔薇为了避免「受到注视」，而选择的一种「非存在的」存在方式。,フィリップス氏の記録によると、これは「注視される」ことを避けるためにタヴィが選んだ「存在しない」ままそこに「いる」方法らしいわ。
AvgDialog_10123_Content_37,adlP,avg序章_AvgDialog_C_M.csv,205,AvgDialog,Content,朵尔唤醒体,只有当「变数」出现，祂才会以「苏醒」的方式「重生」——,「変数」が現れたときのみ、「それ」は「目覚め」という形で「再生」するーー
AvgDialog_10123_Content_38,adlQ,avg序章_AvgDialog_C_M.csv,206,AvgDialog,Content,拉蒙娜战损版,快看！,見て！
AvgDialog_10123_Content_39,adlR,avg序章_AvgDialog_C_M.csv,207,AvgDialog,Content,,仿佛预兆着某种禁忌与灾厄的降临，「塔薇」发出一声刺破耳膜的尖啸。,禁忌と災厄の到来を告げるかのように、「タヴィ」が耳をつんざく鋭い叫び声をあげた。
AvgDialog_10123_Content_40,adlT,avg序章_AvgDialog_C_M.csv,208,AvgDialog,Content,,伴随雏鸟破壳般的颤抖，六扇银色巨型羽翼自祂的身躯向两侧伸展开来。,雛が殻を破るような震えとともに、「それ」の殻だから六枚の巨大な銀色の翼が広がる。
AvgDialog_10123_Content_41,adlU,avg序章_AvgDialog_C_M.csv,209,AvgDialog,Content,,羽翼的末梢不断滴落银色的液滴，淅淅沥沥地落入黑色的池水。,翼のさきから銀色の液体が滴り、昏き海にぽつぽつと落ちていく。
AvgDialog_10123_Content_42,adlV,avg序章_AvgDialog_C_M.csv,210,AvgDialog,Content,,银色液体融入黑池的瞬间，池中波纹激荡，漆黑扭曲的融蚀体纷纷涌出。,銀色の液体が海に溶けた瞬間、昏き海に波紋が広がり、歪んだ融触生物が次々と湧き出てきた。
AvgDialog_10123_Content_43,adlW,avg序章_AvgDialog_C_M.csv,211,AvgDialog,Content,,畸形的怪物无视物理规律冲出黑池，有些向你们扑来，有些向钟楼外的广场而去。,その奇妙な怪物たちは物理法則を無視して昏き海から飛び出し、一部はあなたたちに襲いかかり、一部は鐘楼の外の広場へ向かっていく。
AvgDialog_10123_Content_44,adlX,avg序章_AvgDialog_C_M.csv,212,AvgDialog,Content,塔薇,<Shake:终于……找到……你……了……>,<Shake:やっと……みつけ……た……>
AvgDialog_10123_Content_45,adlY,avg序章_AvgDialog_C_M.csv,213,AvgDialog,Content,朵尔唤醒体,阻止祂！只有让祂停下，才能切断怪物的源头！,「それ」を止めて！「それ」が怪物発生の源よ！
AvgDialog_10133_Content_1,adoe,avg序章_AvgDialog_C_M.csv,214,AvgDialog,Content,拉蒙娜战损版,结束……了……吗……？,終わった……の……？
AvgDialog_10133_Content_2,adop,avg序章_AvgDialog_C_M.csv,215,AvgDialog,Content,,「塔薇」仍静立原地，只是姿态已不似之前从容。,「タヴィ」はその場に立ち尽くしていたが、先ほどまでの余裕は見られなかった。
AvgDialog_10133_Content_3,adoA,avg序章_AvgDialog_C_M.csv,216,AvgDialog,Content,,在其他所有人反应过来之前，祂猛然张开银色的羽翼，向拉蒙娜扑去。,他の全員が反応する前に、銀色の翼を広げ、ラモンナに襲いかかる。
AvgDialog_10133_Content_4,adoL,avg序章_AvgDialog_C_M.csv,217,AvgDialog,Content,,时间像是凝固了,時間がとまったように感じた。
AvgDialog_10133_Content_5,adoV,avg序章_AvgDialog_C_M.csv,218,AvgDialog,Content,,你爆发出能够达到的最快速度，勉强挡在了拉蒙娜的面前。,あなたは全速力でラモンナの前に立ちはだかった。
AvgDialog_10133_Content_6,adoW,avg序章_AvgDialog_C_M.csv,219,AvgDialog,Content,,白色的怪物直视着你。,白い怪物があなたを見つめている。
AvgDialog_10133_Content_7,adoX,avg序章_AvgDialog_C_M.csv,220,AvgDialog,Content,,用它那没有面孔的苍白身躯，静静地凝视着你。,顔のない白い体で、じっとあなたを見つめている。
AvgDialog_10133_Content_9,adoZ,avg序章_AvgDialog_C_M.csv,222,AvgDialog,Content,,在你面前出现的，是神情淡漠的女性面庞。,"次の瞬間、白い六翼の怪物の姿は消えーー
あなたの前に現れたのは、無表情な顔の女性だった。"
AvgDialog_10133_Content_10,adof,avg序章_AvgDialog_C_M.csv,223,AvgDialog,Content,,她伸出手来，轻轻点了点你胸口的银钥匙。,彼女は手を伸ばし、あなたの胸に光るシルバーキーにそっと触れる。
AvgDialog_10133_Content_11,adog,avg序章_AvgDialog_C_M.csv,224,AvgDialog,Content,,银钥匙闪过回应的微光。,シルバーキーが微かに光る。
AvgDialog_10133_Content_12,adoh,avg序章_AvgDialog_C_M.csv,225,AvgDialog,Content,“塔薇”,你就是变数，是原初也是终末的答案。,そなたこそが変数ーー始まりであり、終焉の答え。
AvgDialog_10133_Content_13,adoi,avg序章_AvgDialog_C_M.csv,226,AvgDialog,Content,“塔薇”,但愿你，是一切的转机……,願わくば、そなたこそがすべてを変える契機であれ……
AvgDialog_10133_Content_15,adok,avg序章_AvgDialog_C_M.csv,228,AvgDialog,Content,,洁白的六翼怪物，神情淡漠的女性，四散奔袭的淤泥魔物，扭曲啸叫的唤醒体黑影……,白い六翼の怪物、無表情な女性、泥のような怪物、覚醒体の黒い影……
AvgDialog_10133_Content_16,adol,avg序章_AvgDialog_C_M.csv,229,AvgDialog,Content,,全都化成了一滩黑水，随后消失不见。,すべてが黒い水となり、跡形もなく消えていった。
AvgDialog_10133_Content_17,adom,avg序章_AvgDialog_C_M.csv,230,AvgDialog,Content,,不顾拉蒙娜和朵尔的呼喊，你握着银钥匙眺望高处，眺望向「塔薇」退回的「门」之内。,ラモンナとドールの呼びかけは耳に入らず、あなたはシルバーキーを握りしめ「タヴィ」が戻った「扉」を見上げた。
AvgDialog_10133_Content_18,adon,avg序章_AvgDialog_C_M.csv,231,AvgDialog,Content,,"你清晰地记得刚才看到的面容。
无论是淡漠的神色，眉眼的轮廓，还是嘴唇的弧度，都与拉蒙娜——","先ほど見た顔を、あなたははっきりと覚えている。
無表情な顔、眉目の輪郭、唇の形、
どれをとってもラモンナと……"
AvgDialog_10133_Content_19,adoo,avg序章_AvgDialog_C_M.csv,232,AvgDialog,Content,,——一模一样。,……まったく同じだった。
AvgDialog_10133_Content_20,adoq,avg序章_AvgDialog_C_M.csv,233,AvgDialog,Content,,"两天后

钥冢",二日後、鍵塚にて
AvgDialog_10133_Content_21,ador,avg序章_AvgDialog_C_M.csv,234,AvgDialog,Content,诃勒特,……弥萨格大学是对抗融蚀的先行者，是守望人类未来的重要防线。,……ミサゴ大学は融蝕に対抗する先駆者たる組織であり、人類の未来を守る重要な防衛線です。
AvgDialog_10133_Content_22,ados,avg序章_AvgDialog_C_M.csv,235,AvgDialog,Content,诃勒特,三百年来，弥萨格大学为解决融蚀，在暗中守护人类的平静生活，付出了沉重的代价。,三百年もの間、ミサゴ大学は融蝕を解決するために、人類の平穏な生活を守るために、多大な犠牲を払ってきました。
AvgDialog_10133_Content_23,adot,avg序章_AvgDialog_C_M.csv,236,AvgDialog,Content,诃勒特,这片墓园，是我们提前准备的归宿，也是弥萨格师生为人类存续献出生命的觉悟。,この鍵塚は、私たちがあらかじめ用意した変える場所であり、ミサゴの教師と学生が人類存続のために命を捧げる覚悟を示しています。
AvgDialog_10133_Content_24,adou,avg序章_AvgDialog_C_M.csv,237,AvgDialog,Content,,演说还在继续，诃勒特合眼，叹了口气，呵出的白色水雾消散在雨丝中。,"演説は続き、ハレトは目を閉じてため息をついた。
吐き出した白い息は雨の中に消えていく。"
AvgDialog_10133_Content_25,adov,avg序章_AvgDialog_C_M.csv,238,AvgDialog,Content,诃勒特,……我想，在众多届新生中，没有谁比你们更能体会这段话的沉重。,……多くの新入生の中で、あなたたちほどこの言葉の重みを理解できる者はいないでしょう。
AvgDialog_10133_Content_26,adow,avg序章_AvgDialog_C_M.csv,239,AvgDialog,Content,诃勒特,这三百年间，黑池中曾经几度浮起过银芯、融蚀异变体等异常存在，但这种级别的异变，还是第一次发生。,この三百年間、昏き海にはシルバーコアや融蝕生物などの異常な存在が何度も浮かび上がってきましたが、このれべるの異変は初めてです。
AvgDialog_10133_Content_27,adox,avg序章_AvgDialog_C_M.csv,240,AvgDialog,Content,诃勒特,有很多人再也没能回来。,多くの者が、帰らぬ人となりました。
AvgDialog_10133_Content_28,adoy,avg序章_AvgDialog_C_M.csv,241,AvgDialog,Content,,说话的人是弥萨格生命科学院代理院长诃勒特，传说中她能够看见异种生物，是前任院长最钟爱的学生。,話しているのは、ミサゴ大学の学長代理ハレト。彼女は異種生物を見ることができると言われ、前学長に最も愛された学生だった。
AvgDialog_10133_Content_29,adoz,avg序章_AvgDialog_C_M.csv,242,AvgDialog,Content,诃勒特,与融蚀相关的事件总是伴随着意外、疯狂和死亡，这就是我们这条道路上必然的经历。,"融蝕に関する事件は、つねに事故や狂気、死を伴います。
それは私たちが道を進む上で避けては通れない出来事です。"
AvgDialog_10133_Content_30,adoB,avg序章_AvgDialog_C_M.csv,243,AvgDialog,Content,,"你理解诃勒特话语中的含义。
你前方的墓碑下空无一人。","ハレトの言葉の意味を理解する。
目の前の墓の下には誰もいない。"
AvgDialog_10133_Content_31,adoC,avg序章_AvgDialog_C_M.csv,244,AvgDialog,Content,,墓碑之上，黑色的黏液缓缓流淌。,墓の上を黒い粘液がゆっくりと流れている。
AvgDialog_10133_Content_32,adoD,avg序章_AvgDialog_C_M.csv,245,AvgDialog,Content,,……,……
AvgDialog_10133_Content_33,adoE,avg序章_AvgDialog_C_M.csv,246,AvgDialog,Content,,仪式结束后，德克斯特勋爵将你邀请到了他的办公室。,儀式が終わると、デクスター卿はあなたを自身の執務室に招待した。
AvgDialog_10133_Content_34,adoF,avg序章_AvgDialog_C_M.csv,247,AvgDialog,Content,,"“德克斯特”这个名字你很熟悉，这是拉蒙娜的姓氏。
这位“德克斯特勋爵”是你的教授，也是拉蒙娜的养父。","あなたは「デクスター」という名前を知っている。
それは、ラモンナの姓でもある。
この「デクスター卿」はあなたにとっての教授であり、ラモンナの養父でもある。"
AvgDialog_10133_Content_35,adoG,avg序章_AvgDialog_C_M.csv,248,AvgDialog,Content,德克斯特,我在报告中看到了这部分内容，有件事需要拜托你。,"報告書を見たよ。
君に頼みがあるんだ。"
AvgDialog_10133_Content_36,adoH,avg序章_AvgDialog_C_M.csv,249,AvgDialog,Content,德克斯特,关于“塔薇”的容貌……能否请你对拉蒙娜保密？,"「タヴィ」の外見についてだが……
ラモンナには内緒にしてもらえないか？"
AvgDialog_10133_Content_37,adoI,avg序章_AvgDialog_C_M.csv,250,AvgDialog,Content,玩家,为什么？,なぜですか？
AvgDialog_10133_Content_38,adoJ,avg序章_AvgDialog_C_M.csv,251,AvgDialog,Content,德克斯特,怎么说呢……背后的因果相当复杂，一时半刻有点难以表述。,なんというか……因果関係が複雑で、説明が難しいな。
AvgDialog_10133_Content_39,adoK,avg序章_AvgDialog_C_M.csv,252,AvgDialog,Content,德克斯特,不过，我迟早会让她知道的，只是不是现在。,いずれ彼女に知らせるつもりだが、今はまだそのときではない。
AvgDialog_10133_Content_40,adoM,avg序章_AvgDialog_C_M.csv,253,AvgDialog,Content,德克斯特,这并非弥萨格保密需求考虑，而是一位希望保护女儿的父亲的请求。,これはミサゴ大学の機密保持のためではなく、娘を守りたいという父親の願いだ。
AvgDialog_10133_Content_41,adoN,avg序章_AvgDialog_C_M.csv,254,AvgDialog,Content,德克斯特,拜托，给我们一点时间，可以吗？,頼むよ、少し時間をくれないか？
AvgDialog_10133_Content_42,adoO,avg序章_AvgDialog_C_M.csv,255,AvgDialog,Content,,虽然你希望知道真相，但还是点头答应。,真実を知りたいとは思ったが、うなずいて同意した。
AvgDialog_10133_Content_43,adoP,avg序章_AvgDialog_C_M.csv,256,AvgDialog,Content,德克斯特,"感谢你的理解。
说起来，最近正好有一批御用调和威士忌送到，我央人偷偷留了两瓶。",分かってくれてありがとう。そういえば最近いいウイスキーが届いたばかりで、こっそり二本取っておいたんだ。
AvgDialog_10133_Content_44,adoQ,avg序章_AvgDialog_C_M.csv,257,AvgDialog,Content,德克斯特,拿去吧，叫上拉蒙娜一起，品尝一下大人的味道——就当是你的专属迎新仪式，怎么样？,"ラモンナを誘って、大人の味を楽しんでみるのはどうだい？
これは君専用の歓迎式典ということでさ。"
AvgDialog_10133_Content_45,adoR,avg序章_AvgDialog_C_M.csv,258,AvgDialog,Content,威廉,"只怕不合适吧，德克斯特勋爵。
融蚀可不会在我们休息的时候停止扩散。","それは不適切ではないですか、デクスター卿。
融蝕の拡大は待ってくれませんよ。"
AvgDialog_10133_Content_46,adoS,avg序章_AvgDialog_C_M.csv,259,AvgDialog,Content,德克斯特,"哎呀，威廉还是找到这里来了。
那我可救不了你了，小家伙。","おっと、ウィリアムが来たのか。
それじゃあ私にできることはないな。すまないね、新人くん。"
AvgDialog_10133_Content_47,adoT,avg序章_AvgDialog_C_M.csv,260,AvgDialog,Content,威廉,卷宗已经整理完毕，可以准备出勤了，新晋守密人。,"書類の整理は完了した。
新任守秘者よ、準備は整っている。"
AvgDialog_10133_Content_48,adoU,avg序章_AvgDialog_C_M.csv,261,AvgDialog,Content,威廉,愿银钥指引前路。,銀の鍵の導きがあらんことを。
AvgDialog_81620_Content_1,aqyJ,avg序章_AvgDialog_C_M.csv,263,AvgDialog,Content,拉蒙娜,好难缠的敌人……别害怕，守密人，弥萨格早就为这种危机状况准备好了对策。,"手ごわい敵ね……でも大丈夫。
ミサゴはこの危機に対処する準備をしてあるわ。"
AvgDialog_81620_Content_2,aqyK,avg序章_AvgDialog_C_M.csv,264,AvgDialog,Content,拉蒙娜,点击激活手中的应急灵知体吧，里面珍贵的精神力量会瞬间激发唤醒体的潜力，让大家恢复最佳状态。,手元の復活の魂魄を使ってみて。神秘的な力が覚醒体の潜在能力を引き出して、みんなをベストな状態に戻してくれるわ。
AvgDialog_81620_Content_3,aqyL,avg序章_AvgDialog_C_M.csv,265,AvgDialog,Content,拉蒙娜,在战斗的关键时刻使用应急灵知体，是可以让局面反败为胜的最终手段，请谨慎选择使用吧，你的安危始终是最重要的。,戦いの鍵となる復活の魂魄は、逆転の切り札でもあるから、使うタイミングには気をつけて。あなたの安全が一番大事よ。
AvgDialog_84354_Content_1,bvTx,avg序章_AvgDialog_C_M.csv,266,AvgDialog,Content,拉蒙娜,守密人，在遭遇致命伤害时，有可能触发死亡抵抗。就像现在这样。,致命的なダメージを受けたとき、死亡抵抗が発動することがあるわ。今のようにね。
AvgDialog_84354_Content_2,bvTy,avg序章_AvgDialog_C_M.csv,267,AvgDialog,Content,拉蒙娜,那是唤醒体在躯体濒临崩解时强行爆发了自身能量。它能帮助你免疫该致命伤害，并保留1点生命。,覚醒体は肉体の崩壊に瀕した時、自身のエネルギーを強制的に爆発させて、ダメージを無効化し、ライフ1で耐えることができるの。
AvgDialog_84354_Content_3,bvTz,avg序章_AvgDialog_C_M.csv,268,AvgDialog,Content,拉蒙娜,<Blue:成功后，死亡抵抗的触发难度会不断增加。>我必须提醒你，与其依赖运气，不如将命运掌握在手中。,<Blue:死亡抵抗は成功するたびに、その後の発動が難しくなっていくわ。>覚えておいて、運に頼るより自らの手で道を切り開きましょう。
AvgDialog_84354_Content_4,bvTA,avg序章_AvgDialog_C_M.csv,269,AvgDialog,Content,拉蒙娜,继续前行吧，守密人。不要害怕，无论前路如何，我都会永远陪伴着你。,進み続けましょう、守秘者。大丈夫、この先何があろうと、私はあなたの傍にいるわ。